"행정구역","2024년_거주자_총인구수","2024년_거주자_연령구간인구수","2024년_거주자_0~9세","2024년_거주자_10~19세","2024년_거주자_20~29세","2024년_거주자_30~39세","2024년_거주자_40~49세","2024년_거주자_50~59세","2024년_거주자_60~69세","2024년_거주자_70~79세","2024년_거주자_80~89세","2024년_거주자_90~99세","2024년_거주자_100세 이상","2024년_남_거주자_총인구수","2024년_남_거주자_연령구간인구수","2024년_남_거주자_0~9세","2024년_남_거주자_10~19세","2024년_남_거주자_20~29세","2024년_남_거주자_30~39세","2024년_남_거주자_40~49세","2024년_남_거주자_50~59세","2024년_남_거주자_60~69세","2024년_남_거주자_70~79세","2024년_남_거주자_80~89세","2024년_남_거주자_90~99세","2024년_남_거주자_100세 이상","2024년_여_거주자_총인구수","2024년_여_거주자_연령구간인구수","2024년_여_거주자_0~9세","2024년_여_거주자_10~19세","2024년_여_거주자_20~29세","2024년_여_거주자_30~39세","2024년_여_거주자_40~49세","2024년_여_거주자_50~59세","2024년_여_거주자_60~69세","2024년_여_거주자_70~79세","2024년_여_거주자_80~89세","2024년_여_거주자_90~99세","2024년_여_거주자_100세 이상","2025년_거주자_총인구수","2025년_거주자_연령구간인구수","2025년_거주자_0~9세","2025년_거주자_10~19세","2025년_거주자_20~29세","2025년_거주자_30~39세","2025년_거주자_40~49세","2025년_거주자_50~59세","2025년_거주자_60~69세","2025년_거주자_70~79세","2025년_거주자_80~89세","2025년_거주자_90~99세","2025년_거주자_100세 이상","2025년_남_거주자_총인구수","2025년_남_거주자_연령구간인구수","2025년_남_거주자_0~9세","2025년_남_거주자_10~19세","2025년_남_거주자_20~29세","2025년_남_거주자_30~39세","2025년_남_거주자_40~49세","2025년_남_거주자_50~59세","2025년_남_거주자_60~69세","2025년_남_거주자_70~79세","2025년_남_거주자_80~89세","2025년_남_거주자_90~99세","2025년_남_거주자_100세 이상","2025년_여_거주자_총인구수","2025년_여_거주자_연령구간인구수","2025년_여_거주자_0~9세","2025년_여_거주자_10~19세","2025년_여_거주자_20~29세","2025년_여_거주자_30~39세","2025년_여_거주자_40~49세","2025년_여_거주자_50~59세","2025년_여_거주자_60~69세","2025년_여_거주자_70~79세","2025년_여_거주자_80~89세","2025년_여_거주자_90~99세","2025년_여_거주자_100세 이상"
"경기도 성남시 (4113000000)","907,236","907,236","56,953","81,501","111,566","133,888","142,375","151,623","128,104","65,577","30,505","5,021","123","448,297","448,297","29,021","41,536","56,993","68,910","70,648","75,184","62,482","30,104","12,098","1,287","34","458,939","458,939","27,932","39,965","54,573","64,978","71,727","76,439","65,622","35,473","18,407","3,734","89","900,157","900,157","54,127","81,059","105,170","133,807","139,792","149,129","129,153","70,728","31,537","5,508","147","444,365","444,365","27,628","41,329","53,511","69,093","69,336","73,979","62,840","32,542","12,620","1,450","37","455,792","455,792","26,499","39,730","51,659","64,714","70,456","75,150","66,313","38,186","18,917","4,058","110"
"경기도 성남시 수정구 (4113100000)","233,461","233,461","13,468","16,141","29,679","35,958","34,250","38,500","36,751","19,548","8,055","1,080","31","117,844","117,844","6,841","8,132","15,564","19,188","18,065","19,712","18,043","8,941","3,100","252","6","115,617","115,617","6,627","8,009","14,115","16,770","16,185","18,788","18,708","10,607","4,955","828","25","231,061","231,061","12,688","15,923","27,923","35,392","33,536","37,793","36,998","21,149","8,418","1,215","26","116,669","116,669","6,472","8,032","14,626","18,983","17,698","19,418","18,170","9,701","3,273","290","6","114,392","114,392","6,216","7,891","13,297","16,409","15,838","18,375","18,828","11,448","5,145","925","20"
"경기도 성남시 수정구 신흥1동(4113151000)","12,210","12,210","285","585","1,549","1,639","1,624","2,303","2,429","1,206","527","63","0","6,506","6,506","150","305","849","974","959","1,318","1,219","530","189","13","0","5,704","5,704","135","280","700","665","665","985","1,210","676","338","50","0","11,964","11,964","239","570","1,414","1,615","1,556","2,263","2,389","1,321","527","69","1","6,386","6,386","125","291","758","981","921","1,323","1,204","581","189","13","0","5,578","5,578","114","279","656","634","635","940","1,185","740","338","56","1"
"경기도 성남시 수정구 신흥2동(4113152000)","31,264","31,264","3,016","2,179","3,316","6,058","4,892","4,733","4,259","2,047","660","101","3","15,138","15,138","1,522","1,075","1,666","2,960","2,505","2,170","1,962","983","273","22","0","16,126","16,126","1,494","1,104","1,650","3,098","2,387","2,563","2,297","1,064","387","79","3","31,500","31,500","3,031","2,197","3,110","5,916","5,068","4,698","4,360","2,267","743","106","4","15,291","15,291","1,537","1,086","1,577","2,897","2,608","2,144","2,013","1,081","323","25","0","16,209","16,209","1,494","1,111","1,533","3,019","2,460","2,554","2,347","1,186","420","81","4"
"경기도 성남시 수정구 신흥3동(4113153000)","10,612","10,612","282","508","1,398","1,518","1,421","1,993","2,000","1,001","440","51","0","5,668","5,668","143","259","743","889","817","1,134","1,051","450","171","11","0","4,944","4,944","139","249","655","629","604","859","949","551","269","40","0","10,556","10,556","265","481","1,330","1,511","1,366","1,978","2,026","1,069","474","55","1","5,657","5,657","136","243","708","878","788","1,119","1,080","500","189","16","0","4,899","4,899","129","238","622","633","578","859","946","569","285","39","1"
"경기도 성남시 수정구 태평1동(4113154000)","13,799","13,799","325","607","2,370","1,876","1,708","2,283","2,345","1,524","685","74","2","7,153","7,153","151","335","1,265","1,087","945","1,236","1,171","664","281","18","0","6,646","6,646","174","272","1,105","789","763","1,047","1,174","860","404","56","2","13,412","13,412","273","547","2,233","1,862","1,569","2,175","2,362","1,582","721","87","1","6,937","6,937","123","288","1,212","1,077","884","1,189","1,164","700","280","20","0","6,475","6,475","150","259","1,021","785","685","986","1,198","882","441","67","1"
"경기도 성남시 수정구 태평2동(4113155000)","13,934","13,934","457","815","1,968","2,011","1,741","2,505","2,369","1,335","647","80","6","7,025","7,025","226","413","1,069","1,114","944","1,272","1,170","569","230","18","0","6,909","6,909","231","402","899","897","797","1,233","1,199","766","417","62","6","13,566","13,566","398","753","1,791","1,964","1,666","2,410","2,390","1,437","651","104","2","6,831","6,831","188","383","971","1,109","898","1,240","1,176","605","235","26","0","6,735","6,735","210","370","820","855","768","1,170","1,214","832","416","78","2"
"경기도 성남시 수정구 태평3동(4113156000)","11,891","11,891","345","724","1,451","1,545","1,499","2,234","2,295","1,233","509","56","0","6,107","6,107","175","354","825","871","784","1,157","1,188","559","179","15","0","5,784","5,784","170","370","626","674","715","1,077","1,107","674","330","41","0","11,508","11,508","308","668","1,328","1,453","1,439","2,143","2,294","1,304","514","56","1","5,904","5,904","154","333","733","830","760","1,109","1,200","586","183","16","0","5,604","5,604","154","335","595","623","679","1,034","1,094","718","331","40","1"
"경기도 성남시 수정구 태평4동(4113156100)","11,186","11,186","330","815","1,607","1,404","1,460","2,054","1,880","1,022","539","74","1","5,763","5,763","175","429","858","828","772","1,063","958","454","203","23","0","5,423","5,423","155","386","749","576","688","991","922","568","336","51","1","10,846","10,846","301","763","1,462","1,409","1,347","1,984","1,854","1,099","536","90","1","5,577","5,577","160","395","762","838","726","1,042","937","490","204","23","0","5,269","5,269","141","368","700","571","621","942","917","609","332","67","1"
"경기도 성남시 수정구 수진1동(4113157000)","11,003","11,003","208","483","1,310","1,343","1,239","2,161","2,366","1,286","547","58","2","5,818","5,818","107","255","749","812","715","1,169","1,214","586","199","11","1","5,185","5,185","101","228","561","531","524","992","1,152","700","348","47","1","10,669","10,669","182","437","1,178","1,310","1,188","2,010","2,363","1,387","542","70","2","5,673","5,673","90","228","678","795","695","1,093","1,250","632","198","13","1","4,996","4,996","92","209","500","515","493","917","1,113","755","344","57","1"
"경기도 성남시 수정구 수진2동(4113158000)","14,464","14,464","453","841","1,872","1,837","1,836","2,419","2,795","1,639","695","74","3","7,298","7,298","243","428","974","1,059","948","1,232","1,355","751","287","19","2","7,166","7,166","210","413","898","778","888","1,187","1,440","888","408","55","1","14,242","14,242","425","787","1,763","1,833","1,747","2,318","2,817","1,745","722","83","2","7,159","7,159","224","404","916","1,057","915","1,161","1,372","791","293","24","2","7,083","7,083","201","383","847","776","832","1,157","1,445","954","429","59","0"
"경기도 성남시 수정구 단대동(4113159000)","14,306","14,306","695","1,086","1,701","1,957","2,066","2,450","2,360","1,332","587","71","1","7,025","7,025","360","582","858","1,042","1,071","1,204","1,116","552","221","19","0","7,281","7,281","335","504","843","915","995","1,246","1,244","780","366","52","1","14,116","14,116","631","1,052","1,599","1,903","1,980","2,428","2,384","1,430","623","85","1","6,939","6,939","329","554","833","1,012","1,022","1,175","1,148","614","230","22","0","7,177","7,177","302","498","766","891","958","1,253","1,236","816","393","63","1"
"경기도 성남시 수정구 산성동(4113160000)","4,501","4,501","183","369","520","528","630","784","762","485","217","22","1","2,259","2,259","94","198","274","288","340","395","365","218","83","4","0","2,242","2,242","89","171","246","240","290","389","397","267","134","18","1","4,374","4,374","165","330","499","522","587","754","765","502","226","23","1","2,184","2,184","87","181","254","292","322","391","347","222","82","6","0","2,190","2,190","78","149","245","230","265","363","418","280","144","17","1"
"경기도 성남시 수정구 양지동(4113161000)","9,015","9,015","307","712","1,240","924","1,257","1,678","1,518","905","420","51","3","4,440","4,440","156","357","619","511","628","859","732","398","164","15","1","4,575","4,575","151","355","621","413","629","819","786","507","256","36","2","8,867","8,867","250","686","1,166","915","1,171","1,679","1,554","957","432","55","2","4,348","4,348","123","349","568","503","592","855","750","422","172","13","1","4,519","4,519","127","337","598","412","579","824","804","535","260","42","1"
"경기도 성남시 수정구 복정동(4113162000)","10,114","10,114","392","462","2,302","1,939","1,649","1,526","1,077","551","177","36","3","5,683","5,683","197","240","1,279","1,199","975","886","549","270","83","5","0","4,431","4,431","195","222","1,023","740","674","640","528","281","94","31","3","10,378","10,378","418","458","2,365","2,033","1,613","1,580","1,059","606","209","35","2","5,808","5,808","211","221","1,316","1,249","957","922","534","295","95","8","0","4,570","4,570","207","237","1,049","784","656","658","525","311","114","27","2"
"경기도 성남시 수정구 위례동(4113162500)","45,643","45,643","4,395","4,679","4,442","7,232","8,285","6,797","5,979","2,696","942","192","4","22,088","22,088","2,231","2,273","2,138","3,394","4,108","3,339","2,876","1,318","369","41","1","23,555","23,555","2,164","2,406","2,304","3,838","4,177","3,458","3,103","1,378","573","151","3","45,322","45,322","4,089","4,892","4,104","6,932","8,288","6,719","6,028","3,054","994","217","5","21,951","21,951","2,122","2,416","1,966","3,244","4,075","3,326","2,864","1,487","405","44","2","23,371","23,371","1,967","2,476","2,138","3,688","4,213","3,393","3,164","1,567","589","173","3"
"경기도 성남시 수정구 신촌동(4113163000)","4,488","4,488","433","426","712","854","644","568","504","235","94","17","1","2,368","2,368","217","214","456","460","351","279","228","117","41","4","1","2,120","2,120","216","212","256","394","293","289","276","118","53","13","0","4,484","4,484","429","407","703","883","611","587","505","240","101","18","0","2,376","2,376","223","212","444","487","320","292","229","121","42","6","0","2,108","2,108","206","195","259","396","291","295","276","119","59","12","0"
"경기도 성남시 수정구 고등동(4113164000)","11,669","11,669","1,237","727","1,317","2,534","1,877","1,601","1,326","752","252","45","1","5,718","5,718","631","348","621","1,256","971","782","651","373","76","9","0","5,951","5,951","606","379","696","1,278","906","819","675","379","176","36","1","11,748","11,748","1,160","762","1,260","2,543","1,881","1,654","1,356","813","276","43","0","5,750","5,750","576","382","599","1,257","957","810","665","399","97","8","0","5,998","5,998","584","380","661","1,286","924","844","691","414","179","35","0"
"경기도 성남시 수정구 시흥동(4113165000)","3,362","3,362","125","123","604","759","422","411","487","299","117","15","0","1,787","1,787","63","67","321","444","232","217","238","149","51","5","0","1,575","1,575","62","56","283","315","190","194","249","150","66","10","0","3,509","3,509","124","133","618","788","459","413","492","336","127","19","0","1,898","1,898","64","66","331","477","258","227","237","175","56","7","0","1,611","1,611","60","67","287","311","201","186","255","161","71","12","0"
"경기도 성남시 중원구 (4113300000)","205,808","205,808","11,135","14,212","25,559","31,360","29,708","34,584","33,701","17,228","7,344","944","33","103,663","103,663","5,601","7,322","13,202","16,969","15,575","17,484","16,526","7,972","2,803","202","7","102,145","102,145","5,534","6,890","12,357","14,391","14,133","17,100","17,175","9,256","4,541","742","26","202,429","202,429","10,292","13,945","23,734","31,120","28,748","33,413","33,889","18,595","7,617","1,036","40","101,736","101,736","5,196","7,202","12,164","16,816","15,108","16,944","16,544","8,577","2,949","227","9","100,693","100,693","5,096","6,743","11,570","14,304","13,640","16,469","17,345","10,018","4,668","809","31"
"경기도 성남시 중원구 성남동(4113351000)","32,019","32,019","999","1,681","5,067","5,611","4,212","5,090","5,076","2,790","1,326","165","2","16,713","16,713","489","849","2,641","3,300","2,305","2,698","2,576","1,289","526","39","1","15,306","15,306","510","832","2,426","2,311","1,907","2,392","2,500","1,501","800","126","1","31,631","31,631","931","1,627","4,744","5,567","4,075","4,983","5,138","2,963","1,409","191","3","16,468","16,468","460","826","2,475","3,255","2,235","2,640","2,586","1,368","583","38","2","15,163","15,163","471","801","2,269","2,312","1,840","2,343","2,552","1,595","826","153","1"
"경기도 성남시 중원구 중앙동(4113352500)","16,565","16,565","1,399","1,139","1,595","2,706","2,758","2,649","2,381","1,351","511","75","1","8,396","8,396","707","589","842","1,378","1,463","1,381","1,181","626","212","17","0","8,169","8,169","692","550","753","1,328","1,295","1,268","1,200","725","299","58","1","16,446","16,446","1,305","1,163","1,527","2,690","2,684","2,619","2,405","1,433","544","73","3","8,319","8,319","679","585","803","1,360","1,446","1,353","1,194","665","216","17","1","8,127","8,127","626","578","724","1,330","1,238","1,266","1,211","768","328","56","2"
"경기도 성남시 중원구 금광1동(4113353000)","19,534","19,534","2,299","1,138","1,791","4,344","3,402","2,527","2,507","1,099","364","61","2","9,573","9,573","1,136","563","841","2,156","1,840","1,197","1,169","530","127","14","0","9,961","9,961","1,163","575","950","2,188","1,562","1,330","1,338","569","237","47","2","19,551","19,551","2,226","1,141","1,706","4,256","3,495","2,518","2,530","1,227","385","65","2","9,594","9,594","1,110","577","800","2,073","1,895","1,213","1,186","581","144","15","0","9,957","9,957","1,116","564","906","2,183","1,600","1,305","1,344","646","241","50","2"
"경기도 성남시 중원구 금광2동(4113354000)","23,995","23,995","998","1,566","3,177","3,444","3,385","4,189","4,049","2,196","886","99","6","11,843","11,843","496","779","1,549","1,826","1,735","2,102","1,959","1,028","344","23","2","12,152","12,152","502","787","1,628","1,618","1,650","2,087","2,090","1,168","542","76","4","23,326","23,326","914","1,512","2,958","3,388","3,250","3,961","3,988","2,353","882","115","5","11,529","11,529","452","776","1,434","1,787","1,669","1,998","1,944","1,089","350","28","2","11,797","11,797","462","736","1,524","1,601","1,581","1,963","2,044","1,264","532","87","3"
"경기도 성남시 중원구 은행1동(4113355000)","9,367","9,367","400","750","1,483","1,343","1,149","1,676","1,412","767","355","31","1","4,633","4,633","216","386","712","751","561","841","687","335","136","7","1","4,734","4,734","184","364","771","592","588","835","725","432","219","24","0","9,249","9,249","361","723","1,371","1,381","1,122","1,629","1,437","820","373","29","3","4,550","4,550","194","369","667","764","550","802","698","353","143","9","1","4,699","4,699","167","354","704","617","572","827","739","467","230","20","2"
"경기도 성남시 중원구 은행2동(4113356000)","21,327","21,327","672","1,379","2,871","2,741","2,663","3,955","3,793","2,107","1,019","123","4","10,505","10,505","348","708","1,454","1,519","1,385","1,956","1,823","916","365","31","0","10,822","10,822","324","671","1,417","1,222","1,278","1,999","1,970","1,191","654","92","4","20,862","20,862","588","1,324","2,660","2,701","2,534","3,839","3,821","2,225","1,033","132","5","10,248","10,248","299","668","1,334","1,514","1,322","1,885","1,850","970","374","32","0","10,614","10,614","289","656","1,326","1,187","1,212","1,954","1,971","1,255","659","100","5"
"경기도 성남시 중원구 상대원1동(4113357000)","23,642","23,642","1,028","1,496","2,783","3,471","3,241","4,252","4,313","2,075","872","105","6","12,302","12,302","496","789","1,569","2,004","1,782","2,217","2,144","947","328","25","1","11,340","11,340","532","707","1,214","1,467","1,459","2,035","2,169","1,128","544","80","5","22,344","22,344","897","1,420","2,407","3,291","3,032","3,883","4,168","2,231","884","124","7","11,619","11,619","425","754","1,337","1,919","1,687","2,062","2,040","1,033","331","30","1","10,725","10,725","472","666","1,070","1,372","1,345","1,821","2,128","1,198","553","94","6"
"경기도 성남시 중원구 상대원2동(4113358000)","2,951","2,951","101","187","357","320","365","590","620","278","119","13","1","1,547","1,547","57","93","194","170","187","333","325","133","51","3","1","1,404","1,404","44","94","163","150","178","257","295","145","68","10","0","2,792","2,792","91","189","315","308","347","517","605","289","111","19","1","1,430","1,430","46","109","152","163","168","295","308","135","50","3","1","1,362","1,362","45","80","163","145","179","222","297","154","61","16","0"
"경기도 성남시 중원구 상대원3동(4113359000)","11,243","11,243","328","665","1,267","1,402","1,441","2,090","2,305","1,210","472","58","5","5,900","5,900","159","345","706","813","798","1,114","1,186","592","179","8","0","5,343","5,343","169","320","561","589","643","976","1,119","618","293","50","5","10,961","10,961","289","656","1,096","1,435","1,377","1,930","2,316","1,320","476","62","4","5,775","5,775","144","335","612","839","764","1,045","1,190","654","184","8","0","5,186","5,186","145","321","484","596","613","885","1,126","666","292","54","4"
"경기도 성남시 중원구 하대원동(4113366000)","19,165","19,165","987","1,477","2,327","2,597","2,518","3,358","3,621","1,554","645","79","2","9,643","9,643","477","800","1,244","1,366","1,315","1,632","1,800","761","240","8","0","9,522","9,522","510","677","1,083","1,231","1,203","1,726","1,821","793","405","71","2","19,472","19,472","971","1,467","2,245","2,679","2,475","3,318","3,759","1,776","686","93","3","9,732","9,732","477","780","1,199","1,416","1,275","1,619","1,828","865","257","16","0","9,740","9,740","494","687","1,046","1,263","1,200","1,699","1,931","911","429","77","3"
"경기도 성남시 중원구 도촌동(4113367000)","26,000","26,000","1,924","2,734","2,841","3,381","4,574","4,208","3,624","1,801","775","135","3","12,608","12,608","1,020","1,421","1,450","1,686","2,204","2,013","1,676","815","295","27","1","13,392","13,392","904","1,313","1,391","1,695","2,370","2,195","1,948","986","480","108","2","25,795","25,795","1,719","2,723","2,705","3,424","4,357","4,216","3,722","1,958","834","133","4","12,472","12,472","910","1,423","1,351","1,726","2,097","2,032","1,720","864","317","31","1","13,323","13,323","809","1,300","1,354","1,698","2,260","2,184","2,002","1,094","517","102","3"
"경기도 성남시 분당구 (4113500000)","467,967","467,967","32,350","51,148","56,328","66,570","78,417","78,539","57,652","28,801","15,106","2,997","59","226,790","226,790","16,579","26,082","28,227","32,753","37,008","37,988","27,913","13,191","6,195","833","21","241,177","241,177","15,771","25,066","28,101","33,817","41,409","40,551","29,739","15,610","8,911","2,164","38","466,667","466,667","31,147","51,191","53,513","67,295","77,508","77,923","58,266","30,984","15,502","3,257","81","225,960","225,960","15,960","26,095","26,721","33,294","36,530","37,617","28,126","14,264","6,398","933","22","240,707","240,707","15,187","25,096","26,792","34,001","40,978","40,306","30,140","16,720","9,104","2,324","59"
"경기도 성남시 분당구 분당동(4113551000)","24,365","24,365","1,468","2,665","3,145","3,203","3,768","4,292","3,205","1,625","821","168","5","12,015","12,015","744","1,394","1,655","1,675","1,774","2,076","1,546","754","352","44","1","12,350","12,350","724","1,271","1,490","1,528","1,994","2,216","1,659","871","469","124","4","24,258","24,258","1,340","2,720","2,964","3,256","3,726","4,196","3,305","1,730","843","173","5","11,930","11,930","698","1,407","1,542","1,706","1,741","2,035","1,570","819","366","44","2","12,328","12,328","642","1,313","1,422","1,550","1,985","2,161","1,735","911","477","129","3"
"경기도 성남시 분당구 수내1동(4113552000)","17,617","17,617","1,071","2,196","2,146","2,315","3,419","3,073","1,609","921","713","152","2","8,371","8,371","550","1,131","1,038","1,109","1,546","1,533","782","383","255","43","1","9,246","9,246","521","1,065","1,108","1,206","1,873","1,540","827","538","458","109","1","17,713","17,713","1,022","2,279","2,063","2,336","3,372","3,134","1,663","953","731","157","3","8,443","8,443","537","1,171","1,008","1,116","1,543","1,553","808","395","275","35","2","9,270","9,270","485","1,108","1,055","1,220","1,829","1,581","855","558","456","122","1"
"경기도 성남시 분당구 수내2동(4113553000)","10,405","10,405","973","2,002","904","718","2,443","1,714","814","485","293","57","2","5,066","5,066","497","974","487","292","1,139","911","404","219","130","12","1","5,339","5,339","476","1,028","417","426","1,304","803","410","266","163","45","1","10,324","10,324","925","1,975","907","686","2,396","1,745","825","508","295","60","2","5,067","5,067","483","983","474","283","1,131","915","420","233","130","14","1","5,257","5,257","442","992","433","403","1,265","830","405","275","165","46","1"
"경기도 성남시 분당구 수내3동(4113554000)","13,226","13,226","750","2,271","1,689","1,315","2,727","2,310","1,258","588","268","50","0","6,551","6,551","364","1,157","887","705","1,229","1,217","615","264","105","8","0","6,675","6,675","386","1,114","802","610","1,498","1,093","643","324","163","42","0","13,116","13,116","744","2,212","1,639","1,313","2,619","2,334","1,291","652","256","55","1","6,499","6,499","354","1,134","855","700","1,185","1,227","633","291","109","11","0","6,617","6,617","390","1,078","784","613","1,434","1,107","658","361","147","44","1"
"경기도 성남시 분당구 정자동(4113554500)","13,840","13,840","751","1,336","2,175","2,141","2,157","2,184","1,629","949","448","68","2","7,053","7,053","369","693","1,179","1,175","1,094","1,068","798","452","207","18","0","6,787","6,787","382","643","996","966","1,063","1,116","831","497","241","50","2","13,618","13,618","715","1,338","1,984","2,098","2,179","2,128","1,622","1,000","475","77","2","6,908","6,908","359","678","1,050","1,189","1,083","1,049","790","464","228","18","0","6,710","6,710","356","660","934","909","1,096","1,079","832","536","247","59","2"
"경기도 성남시 분당구 정자1동(4113555000)","29,701","29,701","1,631","3,251","4,199","4,593","5,341","4,993","2,797","1,644","1,068","177","7","14,084","14,084","812","1,625","1,890","2,191","2,406","2,449","1,381","737","510","78","5","15,617","15,617","819","1,626","2,309","2,402","2,935","2,544","1,416","907","558","99","2","29,812","29,812","1,590","3,371","3,965","4,757","5,275","4,999","2,860","1,689","1,087","209","10","14,151","14,151","789","1,685","1,759","2,343","2,348","2,428","1,442","741","520","89","7","15,661","15,661","801","1,686","2,206","2,414","2,927","2,571","1,418","948","567","120","3"
"경기도 성남시 분당구 정자2동(4113556000)","14,182","14,182","644","1,170","1,680","2,536","2,133","2,277","1,857","1,055","679","148","3","6,748","6,748","330","638","857","1,310","1,008","1,086","845","436","207","30","1","7,434","7,434","314","532","823","1,226","1,125","1,191","1,012","619","472","118","2","14,091","14,091","655","1,155","1,500","2,659","2,134","2,187","1,855","1,110","668","164","4","6,693","6,693","320","634","754","1,368","1,017","1,050","850","462","198","39","1","7,398","7,398","335","521","746","1,291","1,117","1,137","1,005","648","470","125","3"
"경기도 성남시 분당구 정자3동(4113557000)","16,595","16,595","1,215","1,926","1,975","2,256","2,882","2,898","1,818","883","590","150","2","7,954","7,954","608","980","983","1,095","1,360","1,389","876","372","244","47","0","8,641","8,641","607","946","992","1,161","1,522","1,509","942","511","346","103","2","16,362","16,362","1,093","1,915","1,929","2,238","2,778","2,867","1,821","944","630","146","1","7,878","7,878","535","961","982","1,141","1,299","1,383","874","401","246","56","0","8,484","8,484","558","954","947","1,097","1,479","1,484","947","543","384","90","1"
"경기도 성남시 분당구 서현1동(4113558000)","30,652","30,652","1,851","3,991","3,929","4,182","5,331","5,311","3,252","1,626","983","194","2","14,865","14,865","997","1,975","1,917","2,105","2,449","2,604","1,613","740","413","52","0","15,787","15,787","854","2,016","2,012","2,077","2,882","2,707","1,639","886","570","142","2","30,390","30,390","1,726","3,942","3,730","4,144","5,304","5,272","3,312","1,759","979","220","2","14,748","14,748","922","1,967","1,818","2,129","2,403","2,573","1,628","831","405","72","0","15,642","15,642","804","1,975","1,912","2,015","2,901","2,699","1,684","928","574","148","2"
"경기도 성남시 분당구 서현2동(4113559000)","17,371","17,371","1,067","2,075","2,251","2,164","2,746","3,152","2,343","980","494","97","2","8,570","8,570","547","1,102","1,199","1,098","1,301","1,479","1,153","469","199","23","0","8,801","8,801","520","973","1,052","1,066","1,445","1,673","1,190","511","295","74","2","17,176","17,176","1,014","2,022","2,143","2,219","2,638","3,092","2,380","1,072","488","107","1","8,454","8,454","534","1,067","1,121","1,109","1,243","1,473","1,163","521","198","25","0","8,722","8,722","480","955","1,022","1,110","1,395","1,619","1,217","551","290","82","1"
"경기도 성남시 분당구 이매1동(4113560000)","24,681","24,681","1,781","2,912","2,924","3,305","4,054","4,316","2,962","1,521","745","159","2","12,061","12,061","946","1,486","1,491","1,648","1,880","2,097","1,447","715","316","33","2","12,620","12,620","835","1,426","1,433","1,657","2,174","2,219","1,515","806","429","126","0","24,416","24,416","1,714","2,822","2,776","3,351","3,986","4,232","2,983","1,610","772","165","5","11,910","11,910","891","1,458","1,402","1,659","1,873","2,041","1,442","770","327","45","2","12,506","12,506","823","1,364","1,374","1,692","2,113","2,191","1,541","840","445","120","3"
"경기도 성남시 분당구 이매2동(4113561000)","12,928","12,928","832","1,662","1,488","1,282","2,004","2,334","1,849","929","453","93","2","6,320","6,320","426","872","758","602","899","1,138","932","450","210","32","1","6,608","6,608","406","790","730","680","1,105","1,196","917","479","243","61","1","12,737","12,737","779","1,680","1,394","1,241","1,957","2,310","1,795","1,014","470","93","4","6,242","6,242","414","873","720","581","881","1,120","899","499","220","34","1","6,495","6,495","365","807","674","660","1,076","1,190","896","515","250","59","3"
"경기도 성남시 분당구 야탑1동(4113562000)","16,536","16,536","1,051","1,143","2,285","2,657","2,382","2,537","2,415","1,339","626","100","1","8,161","8,161","524","614","1,165","1,398","1,172","1,189","1,180","616","276","26","1","8,375","8,375","527","529","1,120","1,259","1,210","1,348","1,235","723","350","74","0","16,410","16,410","990","1,148","2,117","2,676","2,363","2,499","2,398","1,442","662","112","3","8,086","8,086","503","588","1,088","1,413","1,178","1,172","1,157","658","298","30","1","8,324","8,324","487","560","1,029","1,263","1,185","1,327","1,241","784","364","82","2"
"경기도 성남시 분당구 야탑2동(4113563000)","15,590","15,590","1,005","1,605","1,725","1,903","2,426","2,418","2,331","1,367","680","127","3","7,398","7,398","507","789","870","913","1,093","1,133","1,103","650","301","38","1","8,192","8,192","498","816","855","990","1,333","1,285","1,228","717","379","89","2","15,454","15,454","954","1,650","1,613","1,825","2,391","2,436","2,256","1,470","711","145","3","7,344","7,344","493","804","807","891","1,104","1,128","1,067","694","311","44","1","8,110","8,110","461","846","806","934","1,287","1,308","1,189","776","400","101","2"
"경기도 성남시 분당구 야탑3동(4113564000)","26,117","26,117","1,534","1,740","3,167","4,659","3,671","4,045","4,157","2,016","947","178","3","12,835","12,835","766","878","1,667","2,483","1,902","1,910","1,907","936","352","34","0","13,282","13,282","768","862","1,500","2,176","1,769","2,135","2,250","1,080","595","144","3","26,519","26,519","1,593","1,749","3,052","4,938","3,643","4,025","4,167","2,200","969","180","3","13,058","13,058","802","892","1,604","2,631","1,877","1,933","1,902","1,018","362","37","0","13,461","13,461","791","857","1,448","2,307","1,766","2,092","2,265","1,182","607","143","3"
"경기도 성남시 분당구 판교동(4113565000)","26,458","26,458","2,698","3,796","2,484","3,295","5,331","4,400","2,768","1,142","449","92","3","12,993","12,993","1,423","1,946","1,267","1,458","2,478","2,245","1,399","551","195","30","1","13,465","13,465","1,275","1,850","1,217","1,837","2,853","2,155","1,369","591","254","62","2","26,245","26,245","2,584","3,764","2,430","3,185","5,172","4,451","2,844","1,263","461","90","1","12,858","12,858","1,355","1,927","1,251","1,398","2,387","2,264","1,415","634","197","30","0","13,387","13,387","1,229","1,837","1,179","1,787","2,785","2,187","1,429","629","264","60","1"
"경기도 성남시 분당구 삼평동(4113565500)","23,667","23,667","2,100","2,761","2,670","3,370","4,278","3,934","2,789","1,183","499","83","0","11,496","11,496","1,063","1,400","1,347","1,592","2,081","1,896","1,336","570","193","18","0","12,171","12,171","1,037","1,361","1,323","1,778","2,197","2,038","1,453","613","306","65","0","23,506","23,506","2,018","2,718","2,547","3,360","4,232","3,873","2,823","1,314","531","88","2","11,400","11,400","1,019","1,376","1,298","1,597","2,042","1,868","1,344","623","213","20","0","12,106","12,106","999","1,342","1,249","1,763","2,190","2,005","1,479","691","318","68","2"
"경기도 성남시 분당구 백현동(4113565700)","26,356","26,356","1,745","2,917","3,352","3,448","4,250","4,742","3,673","1,526","603","98","2","12,622","12,622","905","1,510","1,661","1,596","2,012","2,216","1,753","692","248","28","1","13,734","13,734","840","1,407","1,691","1,852","2,238","2,526","1,920","834","355","70","1","26,180","26,180","1,665","2,923","3,092","3,495","4,218","4,592","3,758","1,677","635","121","4","12,472","12,472","851","1,528","1,533","1,598","2,006","2,123","1,792","747","266","28","0","13,708","13,708","814","1,395","1,559","1,897","2,212","2,469","1,966","930","369","93","4"
"경기도 성남시 분당구 금곡동(4113566200)","26,676","26,676","1,588","2,095","3,154","4,237","3,859","4,364","3,742","2,156","1,235","242","4","12,571","12,571","835","1,051","1,480","2,074","1,819","2,044","1,775","948","469","75","1","14,105","14,105","753","1,044","1,674","2,163","2,040","2,320","1,967","1,208","766","167","3","26,539","26,539","1,500","2,096","3,011","4,167","3,868","4,306","3,766","2,307","1,243","273","2","12,477","12,477","798","1,058","1,409","2,039","1,817","1,993","1,775","1,030","475","83","0","14,062","14,062","702","1,038","1,602","2,128","2,051","2,313","1,991","1,277","768","190","2"
"경기도 성남시 분당구 구미1동(4113566500)","16,059","16,059","955","1,394","2,156","2,656","2,323","2,758","2,109","1,025","564","117","2","7,745","7,745","499","688","1,085","1,333","1,104","1,285","1,022","451","234","43","1","8,314","8,314","456","706","1,071","1,323","1,219","1,473","1,087","574","330","74","1","15,978","15,978","930","1,431","1,932","2,710","2,296","2,757","2,107","1,105","570","135","5","7,699","7,699","479","718","954","1,370","1,085","1,289","1,030","488","245","39","2","8,279","8,279","451","713","978","1,340","1,211","1,468","1,077","617","325","96","3"
"경기도 성남시 분당구 구미동(4113567000)","27,963","27,963","1,501","2,314","3,320","4,089","3,978","4,678","4,151","2,242","1,379","303","8","13,229","13,229","732","1,182","1,612","2,033","1,898","2,162","1,998","976","543","90","3","14,734","14,734","769","1,132","1,708","2,056","2,080","2,516","2,153","1,266","836","213","5","27,758","27,758","1,432","2,232","3,204","4,216","3,831","4,541","4,147","2,370","1,436","336","13","13,107","13,107","705","1,137","1,511","2,118","1,836","2,087","1,997","1,034","572","108","2","14,651","14,651","727","1,095","1,693","2,098","1,995","2,454","2,150","1,336","864","228","11"
"경기도 성남시 분당구 운중동(4113568000)","36,982","36,982","4,139","3,926","3,510","6,246","6,914","5,809","4,124","1,599","569","144","2","18,082","18,082","2,135","1,997","1,732","2,868","3,364","2,861","2,048","810","236","31","0","18,900","18,900","2,004","1,929","1,778","3,378","3,550","2,948","2,076","789","333","113","2","38,065","38,065","4,164","4,049","3,521","6,425","7,130","5,947","4,288","1,795","590","151","5","18,536","18,536","2,119","2,049","1,781","2,915","3,451","2,913","2,128","911","237","32","0","19,529","19,529","2,045","2,000","1,740","3,510","3,679","3,034","2,160","884","353","119","5"
